Workbook

Sheet scenario5
A1: stage | B1: energy_kwh | C1: emissions_kg | D1: n_calls | E1: total_duration_s | F1: mean_call_duration_s | H1: stage | I1: energy_kwh | J1: emissions_kg | K1: n_calls | L1: total_duration_s | M1: mean_call_duration_s | O1: stage | P1: energy_kwh | Q1: emissions_kg | R1: n_calls | S1: total_duration_s | T1: mean_call_duration_s | V1: stage | W1: energy_kwh | X1: emissions_kg | Y1: n_calls | Z1: total_duration_s | AA1: mean_call_duration_s | AC1: stage | AD1: energy_kwh | AE1: emissions_kg | AF1: n_calls | AG1: total_duration_s | AH1: mean_call_duration_s
A2: setup | B2: 7.0608e-06 | C2: 1.0708e-06 | D2: 1 | E2: 0.621738 | F2: 0.621738 | H2: setup | I2: 6.3942e-06 | J2: 9.697e-07 | K2: 1 | L2: 0.617385 | M2: 0.617385 | O2: setup | P2: 7.1944e-06 | Q2: 1.091e-06 | R2: 1 | S2: 0.64368 | T2: 0.64368 | V2: setup | W2: 6.7433e-06 | X2: 1.0226e-06 | Y2: 1 | Z2: 0.624403 | AA2: 0.624403 | AC2: setup | AD2: 6.6054e-06 | AE2: 1.0017e-06 | AF2: 1 | AG2: 0.619134 | AH2: 0.619134
A3: encoding | B3: 5.6185e-06 | C3: 8.52e-07 | D3: 1 | E3: 0.511952 | F3: 0.511952 | H3: encoding | I3: 5.777e-06 | J3: 8.761e-07 | K3: 1 | L3: 0.512145 | M3: 0.512145 | O3: encoding | P3: 5.7512e-06 | Q3: 8.722e-07 | R3: 1 | S3: 0.508976 | T3: 0.508976 | V3: encoding | W3: 5.5595e-06 | X3: 8.431e-07 | Y3: 1 | Z3: 0.511884 | AA3: 0.511884 | AC3: encoding | AD3: 5.8993e-06 | AE3: 8.946e-07 | AF3: 1 | AG3: 0.51135 | AH3: 0.51135
A4: generation | B4: 4.09213e-05 | C4: 6.2057e-06 | D4: 1 | E4: 3.074793 | F4: 3.074793 | H4: generation | I4: 5.44165e-05 | J4: 8.2523e-06 | K4: 1 | L4: 4.027405 | M4: 4.027405 | O4: generation | P4: 7.4381e-05 | Q4: 1.12799e-05 | R4: 1 | S4: 5.438616 | T4: 5.438616 | V4: generation | W4: 8.77305e-05 | X4: 1.33043e-05 | Y4: 1 | Z4: 6.333255 | AA4: 6.333255 | AC4: generation | AD4: 0.0001085502 | AE4: 1.64616e-05 | AF4: 1 | AG4: 7.766551 | AH4: 7.766551
A5: decoding | B5: 5.8802e-06 | C5: 8.917e-07 | D5: 1 | E5: 0.505065 | F5: 0.505065 | H5: decoding | I5: 6.1134e-06 | J5: 9.271e-07 | K5: 1 | L5: 0.505897 | M5: 0.505897 | O5: decoding | P5: 5.6351e-06 | Q5: 8.546e-07 | R5: 1 | S5: 0.503903 | T5: 0.503903 | V5: decoding | W5: 5.7512e-06 | X5: 8.722e-07 | Y5: 1 | Z5: 0.505233 | AA5: 0.505233 | AC5: decoding | AD5: 5.7831e-06 | AE5: 8.77e-07 | AF5: 1 | AG5: 0.503552 | AH5: 0.503552
B7: Tokens = 500 | D7: Tokens = 750 | F7: Tokens = 1000 | H7: Tokens = 1250 | J7: Tokens = 1500 | L7: Price (DKK), electricity | Q7: Price (DKK), AWS
A8: Stage | B8: energy_kwh | C8: total_duration_s | D8: energy_kwh | E8: total_duration_s | F8: energy_kwh | G8: total_duration_s | H8: energy_kwh | I8: total_duration_s | J8: energy_kwh | K8: total_duration_s | L8: 500 | M8: 750 | N8: 1000 | O8: 1250 | P8: 1500 | Q8: 500 | R8: 750 | S8: 1000 | T8: 1250 | U8: 1500
A9: Setup | B9: 7.0608e-06 | C9: 0.621738 | D9: 6.3942e-06 | E9: 0.617385 | F9: 7.1944e-06 | G9: 0.64368 | H9: 6.7433e-06 | I9: 0.624403 | J9: 6.6054e-06 | K9: 0.619134 | L9: =B9*scenario1!$T$1 -> 1.7652e-05 | M9: =D9*scenario1!$T$1 -> 1.59855e-05 | N9: =F9*scenario1!$T$1 -> 1.7986e-05 | O9: =H9*scenario1!$T$1 -> 1.685825e-05 | P9: =J9*scenario1!$T$1 -> 1.65135e-05 | Q9: =C9*scenario1!$T$2/3600 -> 0.00062691915 | R9: =E9*scenario1!$T$2/3600 -> 0.00062252987 | S9: =G9*scenario1!$T$2/3600 -> 0.000649044 | T9: =I9*scenario1!$T$2/3600 -> 0.00062960636 | U9: =K9*scenario1!$T$2/3600 -> 0.00062429345
A10: Encoding | B10: 5.6185e-06 | C10: 0.511952 | D10: 5.777e-06 | E10: 0.512145 | F10: 5.7512e-06 | G10: 0.508976 | H10: 5.5595e-06 | I10: 0.511884 | J10: 5.8993e-06 | K10: 0.51135 | L10: =B10*scenario1!$T$1 -> 1.404625e-05 | M10: =D10*scenario1!$T$1 -> 1.44425e-05 | N10: =F10*scenario1!$T$1 -> 1.4378e-05 | O10: =H10*scenario1!$T$1 -> 1.389875e-05 | P10: =J10*scenario1!$T$1 -> 1.474825e-05 | Q10: =C10*scenario1!$T$2/3600 -> 0.00051621827 | R10: =E10*scenario1!$T$2/3600 -> 0.00051641287 | S10: =G10*scenario1!$T$2/3600 -> 0.00051321747 | T10: =I10*scenario1!$T$2/3600 -> 0.0005161497 | U10: =K10*scenario1!$T$2/3600 -> 0.00051561125
A11: Generation | B11: 4.09213e-05 | C11: 3.074793 | D11: 5.44165e-05 | E11: 4.027405 | F11: 7.4381e-05 | G11: 5.438616 | H11: 8.77305e-05 | I11: 6.333255 | J11: 0.0001085502 | K11: 7.766551 | L11: =B11*scenario1!$T$1 -> 0.00010230325 | M11: =D11*scenario1!$T$1 -> 0.00013604125 | N11: =F11*scenario1!$T$1 -> 0.0001859525 | O11: =H11*scenario1!$T$1 -> 0.00021932625 | P11: =J11*scenario1!$T$1 -> 0.0002713755 | Q11: =C11*scenario1!$T$2/3600 -> 0.0031004163 | R11: =E11*scenario1!$T$2/3600 -> 0.0040609667 | S11: =G11*scenario1!$T$2/3600 -> 0.0054839378 | T11: =I11*scenario1!$T$2/3600 -> 0.0063860321 | U11: =K11*scenario1!$T$2/3600 -> 0.0078312723
A12: Decoding | B12: 5.8802e-06 | C12: 0.505065 | D12: 6.1134e-06 | E12: 0.505897 | F12: 5.6351e-06 | G12: 0.503903 | H12: 5.7512e-06 | I12: 0.505233 | J12: 5.7831e-06 | K12: 0.503552 | L12: =B12*scenario1!$T$1 -> 1.47005e-05 | M12: =D12*scenario1!$T$1 -> 1.52835e-05 | N12: =F12*scenario1!$T$1 -> 1.408775e-05 | O12: =H12*scenario1!$T$1 -> 1.4378e-05 | P12: =J12*scenario1!$T$1 -> 1.445775e-05 | Q12: =C12*scenario1!$T$2/3600 -> 0.00050927387 | R12: =E12*scenario1!$T$2/3600 -> 0.00051011281 | S12: =G12*scenario1!$T$2/3600 -> 0.00050810219 | T12: =I12*scenario1!$T$2/3600 -> 0.00050944328 | U12: =K12*scenario1!$T$2/3600 -> 0.00050774827

Sheet scenario2
A1: stage | B1: energy_kwh | C1: emissions_kg | D1: n_calls | E1: total_duration_s | F1: mean_call_duration_s | H1: stage | I1: energy_kwh | J1: emissions_kg | K1: n_calls | L1: total_duration_s | M1: mean_call_duration_s | O1: stage | P1: energy_kwh | Q1: emissions_kg | R1: n_calls | S1: total_duration_s | T1: mean_call_duration_s
A2: setup | B2: 6.31368e-05 | C2: 9.5747e-06 | D2: 1 | E2: 1.991543 | F2: 1.991543 | H2: setup | I2: 7.4548e-06 | J2: 1.1305e-06 | K2: 1 | L2: 0.564971 | M2: 0.564971 | O2: setup | P2: 7.5662e-06 | Q2: 1.1474e-06 | R2: 1 | S2: 0.581435 | T2: 0.581435
A3: forward | B3: 0.0012906094 | C3: 0.0001957209 | D3: 2001 | E3: 11.761557 | F3: 0.005878 | H3: forward | I3: 0.0026660274 | J3: 0.0004043031 | K3: 2001 | L3: 25.093299 | M3: 0.01254 | O3: forward | P3: 0.0041596994 | Q3: 0.0006308184 | R3: 2001 | S3: 40.285349 | T3: 0.020133
A4: backward_update | B4: 0.0021640566 | C4: 0.0003281792 | D4: 2001 | E4: 19.721439 | F4: 0.009856 | H4: backward_update | I4: 0.0042093111 | J4: 0.000638342 | K4: 2001 | L4: 39.61906 | M4: 0.0198 | O4: backward_update | P4: 0.006335724 | Q4: 0.0009608125 | R4: 2001 | S4: 61.359448 | T4: 0.030664
A5: evaluation | B5: 0.0008141332 | C5: 0.0001234633 | D5: 11 | E5: 12.516549 | F5: 1.137868 | H5: evaluation | I5: 0.0014162938 | J5: 0.000214781 | K5: 11 | L5: 17.485376 | M5: 1.58958 | O5: evaluation | P5: 0.0020114847 | Q5: 0.0003050417 | R5: 11 | S5: 22.943655 | T5: 2.085787
A6: training_loop | B6: 0.003454666 | C6: 0.0005239001 | D6: 12 | E6: 42.28742 | F6: 3.523952 | H6: training_loop | I6: 0.0068753385 | J6: 0.0010426451 | K6: 12 | L6: 76.518216 | M6: 6.376518 | O6: training_loop | P6: 0.010495423 | Q6: 0.001591631 | R6: 12 | S6: 114.15222 | T6: 9.512685
A7: l4 | H7: l6
A9: Stage | B9: energy_kwh | C9: total_duration_s | D9: energy_kwh | E9: total_duration_s | F9: energy_kwh | G9: total_duration_s | H9: 4 layers, electricity | I9: 4 layers, AWS | J9: 6 layers, electricity | K9: 6 layers, AWS | L9: 12 layers, electricity | M9: 12 layers, AWS
A10: Setup | B10: 6.31368e-05 | C10: 1.991543 | D10: 7.4548e-06 | E10: 0.564971 | F10: 7.5662e-06 | G10: 0.581435 | H10: =B10*scenario1!$T$1 -> 0.000157842 | I10: =C10*scenario1!$T$2/3600 -> 0.0020081392 | J10: =D10*scenario1!$T$1 -> 1.8637e-05 | K10: =E10*scenario1!$T$2/3600 -> 0.00056967909 | L10: =F10*scenario1!$T$1 -> 1.89155e-05 | M10: =G10*scenario1!$T$2/3600 -> 0.00058628029
A11: Forward pass | B11: 0.0012906094 | C11: 11.761557 | D11: 0.0026660274 | E11: 25.093299 | F11: 0.0041596994 | G11: 40.285349 | H11: =B11*scenario1!$T$1 -> 0.0032265235 | I11: =C11*scenario1!$T$2/3600 -> 0.01185957 | J11: =D11*scenario1!$T$1 -> 0.0066650685 | K11: =E11*scenario1!$T$2/3600 -> 0.02530241 | L11: =F11*scenario1!$T$1 -> 0.010399249 | M11: =G11*scenario1!$T$2/3600 -> 0.04062106
A12: Backward prop | B12: 0.0021640566 | C12: 19.721439 | D12: 0.0042093111 | E12: 39.61906 | F12: 0.006335724 | G12: 61.359448 | H12: =B12*scenario1!$T$1 -> 0.0054101415 | I12: =C12*scenario1!$T$2/3600 -> 0.019885784 | J12: =D12*scenario1!$T$1 -> 0.010523278 | K12: =E12*scenario1!$T$2/3600 -> 0.039949219 | L12: =F12*scenario1!$T$1 -> 0.01583931 | M12: =G12*scenario1!$T$2/3600 -> 0.061870777
A13: Eval | B13: 0.0008141332 | C13: 12.516549 | D13: 0.0014162938 | E13: 17.485376 | F13: 0.0020114847 | G13: 22.943655 | H13: =B13*scenario1!$T$1 -> 0.002035333 | I13: =C13*scenario1!$T$2/3600 -> 0.012620854 | J13: =D13*scenario1!$T$1 -> 0.0035407345 | K13: =E13*scenario1!$T$2/3600 -> 0.017631087 | L13: =F13*scenario1!$T$1 -> 0.0050287117 | M13: =G13*scenario1!$T$2/3600 -> 0.023134852
A14: Train | B14: 0.003454666 | C14: 42.28742 | D14: 0.0068753385 | E14: 76.518216 | F14: 0.010495423 | G14: 114.15222 | H14: =B14*scenario1!$T$1 -> 0.008636665 | I14: =C14*scenario1!$T$2/3600 -> 0.042639815 | J14: =D14*scenario1!$T$1 -> 0.017188346 | K14: =E14*scenario1!$T$2/3600 -> 0.077155868 | L14: =F14*scenario1!$T$1 -> 0.026238559 | M14: =G14*scenario1!$T$2/3600 -> 0.11510349

Sheet scenario3
A1: stage | B1: energy_kwh | C1: emissions_kg | D1: n_calls | E1: total_duration_s | F1: mean_call_duration_s | I1: stage | J1: energy_kwh | K1: emissions_kg | L1: n_calls | M1: total_duration_s | N1: mean_call_duration_s | Q1: stage | R1: energy_kwh | S1: emissions_kg | T1: n_calls | U1: total_duration_s | V1: mean_call_duration_s
A2: setup | B2: 7.04854e-05 | C2: 1.06891e-05 | D2: 1 | E2: 1.962528 | F2: 1.962528 | I2: setup | J2: 7.379e-06 | K2: 1.119e-06 | L2: 1 | M2: 0.539373 | N2: 0.539373 | Q2: setup | R2: 7.6654e-06 | S2: 1.1625e-06 | T2: 1 | U2: 0.542192 | V2: 0.542192
A3: forward | B3: 0.0014352403 | C3: 0.0002176542 | D3: 2001 | E3: 11.822478 | F3: 0.005908 | I3: forward | J3: 0.0024782435 | K3: 0.0003758256 | L3: 2001 | M3: 20.289444 | N3: 0.01014 | Q3: forward | R3: 0.0035375799 | S3: 0.000536474 | T3: 2001 | U3: 29.281016 | V3: 0.014633
A4: backward_update | B4: 0.0024125686 | C4: 0.000365866 | D4: 2001 | E4: 19.873006 | F4: 0.009932 | I4: backward_update | J4: 0.0039378325 | K4: 0.0005971723 | L4: 2001 | M4: 32.239137 | N4: 0.016112 | Q4: backward_update | R4: 0.0054437619 | S4: 0.0008255465 | T4: 2001 | U4: 45.058737 | V4: 0.022518
A5: evaluation | B5: 0.0009382846 | C5: 0.0001422909 | D5: 11 | E5: 12.829312 | F5: 1.166301 | I5: evaluation | J5: 0.0013781404 | K5: 0.000208995 | L5: 11 | M5: 16.611434 | N5: 1.51013 | Q5: evaluation | R5: 0.0018492016 | S5: 0.0002804314 | T5: 11 | U5: 21.013466 | V5: 1.910315
A6: training_loop | B6: 0.003847809 | C6: 0.0005835202 | D6: 12 | E6: 42.665212 | F6: 3.555434 | I6: training_loop | J6: 0.006416076 | K6: 0.0009729979 | L6: 12 | M6: 66.858996 | N6: 5.571583 | Q6: training_loop | R6: 0.0089813418 | S6: 0.0013620205 | T6: 12 | U6: 93.491877 | V6: 7.79099
A7: batch 32 | I7: batch 64
A9: Stage | B9: energy_kwh | C9: total_duration_s | D9: energy_kwh | E9: total_duration_s | F9: energy_kwh | G9: total_duration_s | H9: batch 32, electricity | I9: batch 64, electricity | J9: batch 96, electricity | K9: batch 32, AWS | L9: batch 64, AWS | M9: batch 96, AWS
A10: Setup | B10: 7.04854e-05 | C10: 1.962528 | D10: 7.379e-06 | E10: 0.539373 | F10: 7.6654e-06 | G10: 0.542192 | H10: =B10*scenario1!$T$1 -> 0.0001762135 | I10: =D10*scenario1!$T$1 -> 1.84475e-05 | J10: =F10*scenario1!$T$1 -> 1.91635e-05 | K10: =C10*scenario1!$T$2/3600 -> 0.0019788824 | L10: =E10*scenario1!$T$2/3600 -> 0.00054386777 | M10: =G10*scenario1!$T$2/3600 -> 0.00054671027
A11: Forward pass | B11: 0.0014352403 | C11: 11.822478 | D11: 0.0024782435 | E11: 20.289444 | F11: 0.0035375799 | G11: 29.281016 | H11: =B11*scenario1!$T$1 -> 0.0035881007 | I11: =D11*scenario1!$T$1 -> 0.0061956087 | J11: =F11*scenario1!$T$1 -> 0.0088439497 | K11: =C11*scenario1!$T$2/3600 -> 0.011920999 | L11: =E11*scenario1!$T$2/3600 -> 0.020458523 | M11: =G11*scenario1!$T$2/3600 -> 0.029525024
A12: Backward prop | B12: 0.0024125686 | C12: 19.873006 | D12: 0.0039378325 | E12: 32.239137 | F12: 0.0054437619 | G12: 45.058737 | H12: =B12*scenario1!$T$1 -> 0.0060314215 | I12: =D12*scenario1!$T$1 -> 0.0098445813 | J12: =F12*scenario1!$T$1 -> 0.013609405 | K12: =C12*scenario1!$T$2/3600 -> 0.020038614 | L12: =E12*scenario1!$T$2/3600 -> 0.032507796 | M12: =G12*scenario1!$T$2/3600 -> 0.045434226
A13: Eval | B13: 0.0009382846 | C13: 12.829312 | D13: 0.0013781404 | E13: 16.611434 | F13: 0.0018492016 | G13: 21.013466 | H13: =B13*scenario1!$T$1 -> 0.0023457115 | I13: =D13*scenario1!$T$1 -> 0.003445351 | J13: =F13*scenario1!$T$1 -> 0.004623004 | K13: =C13*scenario1!$T$2/3600 -> 0.012936223 | L13: =E13*scenario1!$T$2/3600 -> 0.016749863 | M13: =G13*scenario1!$T$2/3600 -> 0.021188578
A14: Train | B14: 0.003847809 | C14: 42.665212 | D14: 0.006416076 | E14: 66.858996 | F14: 0.0089813418 | G14: 93.491877 | H14: =B14*scenario1!$T$1 -> 0.0096195225 | I14: =D14*scenario1!$T$1 -> 0.01604019 | J14: =F14*scenario1!$T$1 -> 0.022453355 | K14: =C14*scenario1!$T$2/3600 -> 0.043020755 | L14: =E14*scenario1!$T$2/3600 -> 0.067416154 | M14: =G14*scenario1!$T$2/3600 -> 0.094270976

Sheet scenario4
A1: stage | B1: energy_kwh | C1: emissions_kg | D1: n_calls | E1: total_duration_s | F1: mean_call_duration_s | H1: stage | I1: energy_kwh | J1: emissions_kg | K1: n_calls | L1: total_duration_s | M1: mean_call_duration_s | O1: stage | P1: energy_kwh | Q1: emissions_kg | R1: n_calls | S1: total_duration_s | T1: mean_call_duration_s | V1: stage | W1: energy_kwh | X1: emissions_kg | Y1: n_calls | Z1: total_duration_s | AA1: mean_call_duration_s | AC1: stage | AD1: energy_kwh | AE1: emissions_kg | AF1: n_calls | AG1: total_duration_s | AH1: mean_call_duration_s
A2: setup | B2: 8.3978e-06 | C2: 1.2735e-06 | D2: 1 | E2: 0.669918 | F2: 0.669918 | H2: setup | I2: 8.962e-06 | J2: 1.3591e-06 | K2: 1 | L2: 0.675526 | M2: 0.675526 | O2: setup | P2: 6.38e-06 | Q2: 9.675e-07 | R2: 1 | S2: 0.596965 | T2: 0.596965 | V2: setup | W2: 6.9062e-06 | X2: 1.0473e-06 | Y2: 1 | Z2: 0.616747 | AA2: 0.616747 | AC2: setup | AD2: 7.198e-06 | AE2: 1.0916e-06 | AF2: 1 | AG2: 0.674365 | AH2: 0.674365
A3: encoding | B3: 5.5891e-06 | C3: 8.476e-07 | D3: 1 | E3: 0.509309 | F3: 0.509309 | H3: encoding | I3: 6.156e-06 | J3: 9.336e-07 | K3: 1 | L3: 0.511304 | M3: 0.511304 | O3: encoding | P3: 5.5299e-06 | Q3: 8.386e-07 | R3: 1 | S3: 0.509624 | T3: 0.509624 | V3: encoding | W3: 5.7162e-06 | X3: 8.669e-07 | Y3: 1 | Z3: 0.513166 | AA3: 0.513166 | AC3: encoding | AD3: 5.928e-06 | AE3: 8.99e-07 | AF3: 1 | AG3: 0.510081 | AH3: 0.510081
A4: generation | B4: 5.42719e-05 | C4: 8.2303e-06 | D4: 1 | E4: 3.521677 | F4: 3.521677 | H4: generation | I4: 3.8172e-05 | J4: 5.7888e-06 | K4: 1 | L4: 2.861677 | M4: 2.861677 | O4: generation | P4: 4.00108e-05 | Q4: 6.0676e-06 | R4: 1 | S4: 3.021647 | T4: 3.021647 | V4: generation | W4: 3.67404e-05 | X4: 5.5717e-06 | Y4: 1 | Z4: 2.809782 | AA4: 2.809782 | AC4: generation | AD4: 3.97725e-05 | AE4: 6.0315e-06 | AF4: 1 | AG4: 2.983458 | AH4: 2.983458
A5: decoding | B5: 6.234e-06 | C5: 9.454e-07 | D5: 1 | E5: 0.507102 | F5: 0.507102 | H5: decoding | I5: 5.9065e-06 | J5: 8.957e-07 | K5: 1 | L5: 0.50464 | M5: 0.50464 | O5: decoding | P5: 5.9761e-06 | Q5: 9.063e-07 | R5: 1 | S5: 0.507457 | T5: 0.507457 | V5: decoding | W5: 5.6962e-06 | X5: 8.638e-07 | Y5: 1 | Z5: 0.50416 | AA5: 0.50416 | AC5: decoding | AD5: 5.953e-06 | AE5: 9.028e-07 | AF5: 1 | AG5: 0.507883 | AH5: 0.507883
A6: 0.6 | H6: 0.8 | O6: 1 | V6: 1.2 | AC6: 1.4
A8: Stage | B8: Energy (kWh) | C8: Total duration (s) | D8: Energy (kWh) | E8: Total duration (s) | F8: Energy (kWh) | G8: Total duration (s) | H8: Energy (kWh) | I8: Total duration (s) | J8: Energy (kWh) | K8: Total duration (s) | L8: 0,6 | M8: 0,8 | N8: 1,0 | O8: 1,2 | P8: 1,4 | Q8: 0,6 | R8: 0,8 | S8: 1,0 | T8: 1,2 | U8: 1,4
A9: Setup | B9: 8.3978e-06 | C9: 0.669918 | D9: 8.962e-06 | E9: 0.675526 | F9: 6.38e-06 | G9: 0.596965 | H9: 6.9062e-06 | I9: 0.616747 | J9: 7.198e-06 | K9: 0.674365 | L9: =B9*scenario1!$T$1 -> 2.09945e-05 | M9: =D9*scenario1!$T$1 -> 2.2405e-05 | N9: =F9*scenario1!$T$1 -> 1.595e-05 | O9: =H9*scenario1!$T$1 -> 1.72655e-05 | P9: =J9*scenario1!$T$1 -> 1.7995e-05 | Q9: =C9*scenario1!$T$2/3600 -> 0.00067550065 | R9: =E9*scenario1!$T$2/3600 -> 0.00068115538 | S9: =G9*scenario1!$T$2/3600 -> 0.00060193971 | T9: =I9*scenario1!$T$2/3600 -> 0.00062188656 | U9: =K9*scenario1!$T$2/3600 -> 0.00067998471
A10: Encoding | B10: 5.5891e-06 | C10: 0.509309 | D10: 6.156e-06 | E10: 0.511304 | F10: 5.5299e-06 | G10: 0.509624 | H10: 5.7162e-06 | I10: 0.513166 | J10: 5.928e-06 | K10: 0.510081 | L10: =B10*scenario1!$T$1 -> 1.397275e-05 | M10: =D10*scenario1!$T$1 -> 1.539e-05 | N10: =F10*scenario1!$T$1 -> 1.382475e-05 | O10: =H10*scenario1!$T$1 -> 1.42905e-05 | P10: =J10*scenario1!$T$1 -> 1.482e-05 | Q10: =C10*scenario1!$T$2/3600 -> 0.00051355324 | R10: =E10*scenario1!$T$2/3600 -> 0.00051556487 | S10: =G10*scenario1!$T$2/3600 -> 0.00051387087 | T10: =I10*scenario1!$T$2/3600 -> 0.00051744238 | U10: =K10*scenario1!$T$2/3600 -> 0.00051433168
A11: Generation | B11: 5.42719e-05 | C11: 3.521677 | D11: 3.8172e-05 | E11: 2.861677 | F11: 4.00108e-05 | G11: 3.021647 | H11: 3.67404e-05 | I11: 2.809782 | J11: 3.97725e-05 | K11: 2.983458 | L11: =B11*scenario1!$T$1 -> 0.00013567975 | M11: =D11*scenario1!$T$1 -> 9.543e-05 | N11: =F11*scenario1!$T$1 -> 0.000100027 | O11: =H11*scenario1!$T$1 -> 9.1851e-05 | P11: =J11*scenario1!$T$1 -> 9.943125e-05 | Q11: =C11*scenario1!$T$2/3600 -> 0.0035510243 | R11: =E11*scenario1!$T$2/3600 -> 0.0028855243 | S11: =G11*scenario1!$T$2/3600 -> 0.0030468274 | T11: =I11*scenario1!$T$2/3600 -> 0.0028331968 | U11: =K11*scenario1!$T$2/3600 -> 0.0030083202
A12: Decoding | B12: 6.234e-06 | C12: 0.507102 | D12: 5.9065e-06 | E12: 0.50464 | F12: 5.9761e-06 | G12: 0.507457 | H12: 5.6962e-06 | I12: 0.50416 | J12: 5.953e-06 | K12: 0.507883 | L12: =B12*scenario1!$T$1 -> 1.5585e-05 | M12: =D12*scenario1!$T$1 -> 1.476625e-05 | N12: =F12*scenario1!$T$1 -> 1.494025e-05 | O12: =H12*scenario1!$T$1 -> 1.42405e-05 | P12: =J12*scenario1!$T$1 -> 1.48825e-05 | Q12: =C12*scenario1!$T$2/3600 -> 0.00051132785 | R12: =E12*scenario1!$T$2/3600 -> 0.00050884533 | S12: =G12*scenario1!$T$2/3600 -> 0.00051168581 | T12: =I12*scenario1!$T$2/3600 -> 0.00050836133 | U12: =K12*scenario1!$T$2/3600 -> 0.00051211536

Sheet scenario1
A1: stage | B1: energy_kwh | C1: emissions_kg | F1: n_calls | G1: total_duration_s | H1: mean_call_duration_s | K1: stage | L1: energy_kwh | M1: emissions_kg | N1: n_calls | O1: total_duration_s | P1: mean_call_duration_s | S1: Energy price in Denmark (2026 04 08) (kWh/DKK) | T1: 2.5
A2: setup | B2: 1.30783e-05 | C2: 1.9833e-06 | F2: 1 | G2: 1.856763 | H2: 1.856763 | K2: setup | L2: 6.13077e-05 | M2: 9.2973e-06 | N2: 1 | O2: 2.056618 | P2: 2.056618 | S2: AWS cloud costs g4dn.xlarge (GPU) (DKK/hr) | T2: 3.63
A3: forward | B3: 0.0043325164 | C3: 0.0006570261 | F3: 2001 | G3: 549.39065 | H3: 0.274558 | K3: forward | L3: 0.0013020963 | M3: 0.0001974629 | N3: 2001 | O3: 11.958671 | P3: 0.005976 | S3: AWS cloud costs c6i.large (CPU) (DKK/hr) | T3: 0.59
A4: backward_update | B4: 0.0052185673 | C4: 0.0007913957 | F4: 2001 | G4: 661.74755 | H4: 0.330708 | K4: backward_update | L4: 0.0021557014 | M4: 0.0003269121 | N4: 2001 | O4: 19.798324 | P4: 0.009894
A5: evaluation | B5: 0.0017301069 | C5: 0.0002623707 | F5: 11 | G5: 219.98661 | H5: 19.998783 | K5: evaluation | L5: 0.0008339407 | M5: 0.0001264671 | N5: 11 | O5: 12.760835 | P5: 1.160076
A6: training_loop | B6: 0.0095510837 | C6: 0.0014484218 | F6: 12 | G6: 1225.6797 | H6: 102.13998 | K6: training_loop | L6: 0.0034577978 | M6: 0.000524375 | N6: 12 | O6: 42.680411 | P6: 3.556701
B8: CPU | D8: Electricity price | E8: AWS | F8: GPU | H8: Electricity | I8: AWS
A9: Stage | B9: Energy (kWh) | C9: Total call duration (s) | D9: CPU, Electricity | E9: CPU, AWS | F9: Energy (kWh) | G9: Total call duration (s) | H9: GPU, Electricity | I9: GPU, AWS
A10: Setup | B10: 1.30783e-05 | C10: 1.856763 | D10: =B10*$T$1 -> 3.269575e-05 | E10: =C10*$T$3/3600 -> 0.00030430282 | F10: 6.13077e-05 | G10: 2.056618 | H10: =F10*$T$1 -> 0.00015326925 | I10: =G10*$T$2/3600 -> 0.0020737565
A11: Forward pass | B11: 0.0043325164 | C11: 549.39065 | D11: =B11*$T$1 -> 0.010831291 | E11: =C11*$T$3/3600 -> 0.090039023 | F11: 0.0013020963 | G11: 11.958671 | H11: =F11*$T$1 -> 0.0032552407 | I11: =G11*$T$2/3600 -> 0.012058327
A12: Backward prop | B12: 0.0052185673 | C12: 661.74755 | D12: =B12*$T$1 -> 0.013046418 | E12: =C12*$T$3/3600 -> 0.10845307 | F12: 0.0021557014 | G12: 19.798324 | H12: =F12*$T$1 -> 0.0053892535 | I12: =G12*$T$2/3600 -> 0.01996331
A13: Eval | B13: 0.0017301069 | C13: 219.98661 | D13: =B13*$T$1 -> 0.0043252672 | E13: =C13*$T$3/3600 -> 0.036053362 | F13: 0.0008339407 | G13: 12.760835 | H13: =F13*$T$1 -> 0.0020848518 | I13: =G13*$T$2/3600 -> 0.012867175
A14: Train | B14: 0.0095510837 | C14: 1225.6797 | D14: =B14*$T$1 -> 0.023877709 | E14: =C14*$T$3/3600 -> 0.20087528 | F14: 0.0034577978 | G14: 42.680411 | H14: =F14*$T$1 -> 0.0086444945 | I14: =G14*$T$2/3600 -> 0.043036081
B15: =SUM(B10:B14) -> 0.020845353

Sheet infographic charts
R7: Price per inference FU. Variable tokens. Danish electricity
R10: Electricity costs based on PU type
R14: Price per training FU. Variable number of layers. Danish electricity
